{
	"v": 0.6,
	"format": "bsa",
	"sounds": {
		"sfx_hit": [
			0,
			0.5746938775510204
		],
		"sfx_point": [
			1,
			1.0448979591836736
		],
		"sfx_swooshing": [
			3,
			2.037551020408163
		],
		"sfx_wing": [
			6,
			0.36571428571428566
		]
	}
}